<?xml version="1.0" encoding="UTF-8"?>
<deploy xmlns="http://www.apache.org/ode/schemas/dd/2007/03" xmlns:Trip="http://Trip">
  <process name="Trip:bpel1121">
    <active>true</active>
    <retired>false</retired>
    <process-events generate="all"/>
    <provide partnerLink="client">
      <service name="Trip:bpel1121Service" port="bpel1121Port"/>
    </provide>
    <invoke partnerLink="airline1">
      <service name="Trip:AirlineCompany1" port="AirlineCompany1HttpEndpoint"/>
    </invoke>
    <invoke partnerLink="car1">
      <service name="Trip:CarCompany1" port="CarCompany1HttpEndpoint"/>
    </invoke>
    <invoke partnerLink="hotel1">
      <service name="Trip:HotelCompany2" port="HotelCompany2HttpEndpoint"/>
    </invoke>
    <invoke partnerLink="sight">
      <service name="Trip:SightCompany" port="SightCompanyHttpEndpoint"/>
    </invoke>
  </process>
</deploy>