<?xml version="1.0" encoding="UTF-8"?>
<deploy xmlns="http://www.apache.org/ode/schemas/dd/2007/03" xmlns:Trip="http://Trip">
  <process name="Trip:bpel2111">
    <active>true</active>
    <retired>false</retired>
    <process-events generate="all"/>
    <provide partnerLink="client">
      <service name="Trip:bpel2111Service" port="bpel2111Port"/>
    </provide>
    <invoke partnerLink="airline1">
      <service name="Trip:AirlineCompany2" port="AirlineCompany2HttpEndpoint"/>
    </invoke>
    <invoke partnerLink="car1">
      <service name="Trip:CarCompany1" port="CarCompany1HttpEndpoint"/>
    </invoke>
    <invoke partnerLink="hotel1">
      <service name="Trip:HotelCompany1" port="HotelCompany1HttpEndpoint"/>
    </invoke>
    <invoke partnerLink="sight">
      <service name="Trip:SightCompany" port="SightCompanyHttpEndpoint"/>
    </invoke>
  </process>
</deploy>